{"config_name": "clock_0days",
 "long": {"backwards_tp": true,
          "delay_between_fills_minutes_close": 1104.653115516864,
          "delay_between_fills_minutes_entry": 497.243075560796,
          "delay_weight_close": 0,
          "delay_weight_entry": 13.237436199618298,
          "ema_dist_close": 0.002941999138864414,
          "ema_dist_entry": -0.002567086001269032,
          "ema_span_0": 1409.7405710700502,
          "ema_span_1": 1019.2052990694884,
          "enabled": true,
          "markup_range": 0.2,
          "min_markup": 0.2,
          "n_close_orders": 1,
          "qty_pct_close": 0.012081853775910988,
          "qty_pct_entry": 0.014675336449015808,
          "wallet_exposure_limit": 1,
          "we_multiplier_close": 0,
          "we_multiplier_entry": 9.99952291452805},
 "short": {"backwards_tp": true,
           "delay_between_fills_minutes_close": 1132.504506727316,
           "delay_between_fills_minutes_entry": 271.2949888174522,
           "delay_weight_close": 0,
           "delay_weight_entry": 21.225264319072384,
           "ema_dist_close": 0.0029502727657052244,
           "ema_dist_entry": -0.0011764144447320743,
           "ema_span_0": 1200.2056828957004,
           "ema_span_1": 952.5980600630442,
           "enabled": true,
           "markup_range": 0.2,
           "min_markup": 0.2,
           "n_close_orders": 1,
           "qty_pct_close": 0.012804451594978223,
           "qty_pct_entry": 0.011532829970650848,
           "wallet_exposure_limit": 1,
           "we_multiplier_close": 0,
           "we_multiplier_entry": 8.829187823095918}}