{"config_name": "clock_0days",
 "long": {"backwards_tp": true,
          "delay_between_fills_minutes_close": 647.8222539313874,
          "delay_between_fills_minutes_entry": 718.4498503578127,
          "delay_weight_close": 0,
          "delay_weight_entry": 27.86126728804292,
          "ema_dist_close": 0.0028547711436244416,
          "ema_dist_entry": 0.002971892879800595,
          "ema_span_0": 647.8106028777783,
          "ema_span_1": 1284.021151355735,
          "enabled": true,
          "markup_range": 0.2,
          "min_markup": 0.2,
          "n_close_orders": 1,
          "qty_pct_close": 0.02789055159943267,
          "qty_pct_entry": 0.023083524362018364,
          "wallet_exposure_limit": 1,
          "we_multiplier_close": 0,
          "we_multiplier_entry": 9.203394965078033},
 "short": {"backwards_tp": true,
           "delay_between_fills_minutes_close": 633.829552479102,
           "delay_between_fills_minutes_entry": 139.11685765116061,
           "delay_weight_close": 0,
           "delay_weight_entry": 27.09728812060358,
           "ema_dist_close": -0.0015739922757253414,
           "ema_dist_entry": -0.003248483434972992,
           "ema_span_0": 46.71886232334039,
           "ema_span_1": 701.5082980586151,
           "enabled": true,
           "markup_range": 0.2,
           "min_markup": 0.2,
           "n_close_orders": 1,
           "qty_pct_close": 0.012216300466014737,
           "qty_pct_entry": 0.011532829970650848,
           "wallet_exposure_limit": 1,
           "we_multiplier_close": 0,
           "we_multiplier_entry": 1.1023947822663303}}