{"config_name": "clock_0days",
 "long": {"backwards_tp": true,
          "delay_between_fills_minutes_close": 1438.063846218405,
          "delay_between_fills_minutes_entry": 445.7677638229376,
          "delay_weight_close": 0,
          "delay_weight_entry": 6.549904084902322,
          "ema_dist_close": -0.0010414001955763854,
          "ema_dist_entry": 0.0018164204178684844,
          "ema_span_0": 441.7484316796892,
          "ema_span_1": 1261.8110358374045,
          "enabled": true,
          "markup_range": 0.2,
          "min_markup": 0.2,
          "n_close_orders": 1,
          "qty_pct_close": 0.011730318329115672,
          "qty_pct_entry": 0.01,
          "wallet_exposure_limit": 1,
          "we_multiplier_close": 0,
          "we_multiplier_entry": 6.9242458298509},
 "short": {"backwards_tp": true,
           "delay_between_fills_minutes_close": 1296.1419739084013,
           "delay_between_fills_minutes_entry": 147.02021689326304,
           "delay_weight_close": 0,
           "delay_weight_entry": 3.650032916171652,
           "ema_dist_close": 0.000970137623367213,
           "ema_dist_entry": -0.0020118711305088465,
           "ema_span_0": 914.6314864360197,
           "ema_span_1": 988.0233545150836,
           "enabled": true,
           "markup_range": 0.2,
           "min_markup": 0.2,
           "n_close_orders": 1,
           "qty_pct_close": 0.019408268413854183,
           "qty_pct_entry": 0.01459981809009704,
           "wallet_exposure_limit": 1,
           "we_multiplier_close": 0,
           "we_multiplier_entry": 9.128695941373563}}