{"config_name": "clock_0days",
 "long": {"backwards_tp": true,
          "delay_between_fills_minutes_close": 1023.9527158165489,
          "delay_between_fills_minutes_entry": 1212.2129576096206,
          "delay_weight_close": 0,
          "delay_weight_entry": 18.554126961263307,
          "ema_dist_close": -0.004581110912127029,
          "ema_dist_entry": 0.0029335160482153403,
          "ema_span_0": 1434.9112144237645,
          "ema_span_1": 1328.183535591076,
          "enabled": true,
          "markup_range": 0.2,
          "min_markup": 0.2,
          "n_close_orders": 1,
          "qty_pct_close": 0.011007641083535294,
          "qty_pct_entry": 0.012903868635899512,
          "wallet_exposure_limit": 1,
          "we_multiplier_close": 0,
          "we_multiplier_entry": 9.973726102555176},
 "short": {"backwards_tp": true,
           "delay_between_fills_minutes_close": 1279.3428536393867,
           "delay_between_fills_minutes_entry": 1185.9050347143673,
           "delay_weight_close": 0,
           "delay_weight_entry": 24.39288071676801,
           "ema_dist_close": -0.001048290112673706,
           "ema_dist_entry": -0.01216106391847627,
           "ema_span_0": 437.5069705321616,
           "ema_span_1": 813.7990832725427,
           "enabled": true,
           "markup_range": 0.2,
           "min_markup": 0.2,
           "n_close_orders": 1,
           "qty_pct_close": 0.013491342742327966,
           "qty_pct_entry": 0.017240666612956455,
           "wallet_exposure_limit": 1,
           "we_multiplier_close": 0,
           "we_multiplier_entry": 4.181828521736271}}