{"config_name": "clock_0days",
 "long": {"backwards_tp": true,
          "delay_between_fills_minutes_close": 1392.8792537027443,
          "delay_between_fills_minutes_entry": 872.4126544485439,
          "delay_weight_close": 0,
          "delay_weight_entry": 14.973670421469889,
          "ema_dist_close": 1.4264432521890424e-05,
          "ema_dist_entry": -0.043303820246895997,
          "ema_span_0": 396.40626615349055,
          "ema_span_1": 389.1072980748438,
          "enabled": true,
          "markup_range": 0.2,
          "min_markup": 0.2,
          "n_close_orders": 1,
          "qty_pct_close": 0.019909263439227443,
          "qty_pct_entry": 0.011936709883053167,
          "wallet_exposure_limit": 1,
          "we_multiplier_close": 0,
          "we_multiplier_entry": 9.560326581540767},
 "short": {"backwards_tp": true,
           "delay_between_fills_minutes_close": 1306.9772200398124,
           "delay_between_fills_minutes_entry": 269.81092271412956,
           "delay_weight_close": 0,
           "delay_weight_entry": 7.362223451213462,
           "ema_dist_close": -0.0018196973325771003,
           "ema_dist_entry": 0.001709340177178469,
           "ema_span_0": 731.742738595332,
           "ema_span_1": 1034.0826912227806,
           "enabled": true,
           "markup_range": 0.2,
           "min_markup": 0.2,
           "n_close_orders": 1,
           "qty_pct_close": 0.011837288953960648,
           "qty_pct_entry": 0.010888132101221097,
           "wallet_exposure_limit": 1,
           "we_multiplier_close": 0,
           "we_multiplier_entry": 9.299793489698416}}