{"config_name": "clock_0days",
 "long": {"backwards_tp": true,
          "delay_between_fills_minutes_close": 603.3267811783331,
          "delay_between_fills_minutes_entry": 1351.055922217821,
          "delay_weight_close": 0,
          "delay_weight_entry": 18.202315132512688,
          "ema_dist_close": -0.0006581961016549106,
          "ema_dist_entry": 0.0001344705370392922,
          "ema_span_0": 702.8531656796472,
          "ema_span_1": 1334.111825532691,
          "enabled": true,
          "markup_range": 0.2,
          "min_markup": 0.2,
          "n_close_orders": 1,
          "qty_pct_close": 0.03856397835994202,
          "qty_pct_entry": 0.010100429823748501,
          "wallet_exposure_limit": 1,
          "we_multiplier_close": 0,
          "we_multiplier_entry": 8.925140520256441},
 "short": {"backwards_tp": true,
           "delay_between_fills_minutes_close": 1260.0265415031079,
           "delay_between_fills_minutes_entry": 1137.651218740672,
           "delay_weight_close": 0,
           "delay_weight_entry": 25.3030756112232,
           "ema_dist_close": -0.0013381742919232303,
           "ema_dist_entry": -0.010080730309767,
           "ema_span_0": 1335.370090456449,
           "ema_span_1": 1120.1708687982666,
           "enabled": true,
           "markup_range": 0.2,
           "min_markup": 0.2,
           "n_close_orders": 1,
           "qty_pct_close": 0.012216300466014737,
           "qty_pct_entry": 0.01759800671224648,
           "wallet_exposure_limit": 1,
           "we_multiplier_close": 0,
           "we_multiplier_entry": 8.952006750363102}}