{"config_name": "clock_0days",
 "long": {"backwards_tp": true,
          "delay_between_fills_minutes_close": 958.1157413814566,
          "delay_between_fills_minutes_entry": 1086.5640533752246,
          "delay_weight_close": 0,
          "delay_weight_entry": 12.986131630004003,
          "ema_dist_close": -0.0005335316918236077,
          "ema_dist_entry": 0.001953294858308979,
          "ema_span_0": 1250.7805123452456,
          "ema_span_1": 874.7677295290719,
          "enabled": true,
          "markup_range": 0.2,
          "min_markup": 0.2,
          "n_close_orders": 1,
          "qty_pct_close": 0.01968982920661889,
          "qty_pct_entry": 0.010104790325327538,
          "wallet_exposure_limit": 1,
          "we_multiplier_close": 0,
          "we_multiplier_entry": 9.885178035798278},
 "short": {"backwards_tp": true,
           "delay_between_fills_minutes_close": 1413.5558565686624,
           "delay_between_fills_minutes_entry": 784.9899665507813,
           "delay_weight_close": 0,
           "delay_weight_entry": 5.831921044029341,
           "ema_dist_close": 0.0008992223320789086,
           "ema_dist_entry": -0.0002838257924038979,
           "ema_span_0": 1348.0735885470365,
           "ema_span_1": 1071.0504500508011,
           "enabled": true,
           "markup_range": 0.2,
           "min_markup": 0.2,
           "n_close_orders": 1,
           "qty_pct_close": 0.011935308303393993,
           "qty_pct_entry": 0.016084273347267565,
           "wallet_exposure_limit": 1,
           "we_multiplier_close": 0,
           "we_multiplier_entry": 9.702971993720947}}