{"config_name": "clock_0days",
 "long": {"backwards_tp": true,
          "delay_between_fills_minutes_close": 768.2308483926287,
          "delay_between_fills_minutes_entry": 741.9973437021383,
          "delay_weight_close": 0,
          "delay_weight_entry": 10.100994716492973,
          "ema_dist_close": 0.0011497314913957294,
          "ema_dist_entry": 0.0016779188996500465,
          "ema_span_0": 1189.8940578899194,
          "ema_span_1": 1090.950027319124,
          "enabled": true,
          "markup_range": 0.2,
          "min_markup": 0.2,
          "n_close_orders": 1,
          "qty_pct_close": 0.01686962763340502,
          "qty_pct_entry": 0.0102119587547341,
          "wallet_exposure_limit": 1,
          "we_multiplier_close": 0,
          "we_multiplier_entry": 9.982920621031488},
 "short": {"backwards_tp": true,
           "delay_between_fills_minutes_close": 1213.8808604575988,
           "delay_between_fills_minutes_entry": 319.8805659148345,
           "delay_weight_close": 0,
           "delay_weight_entry": 9.039510921080103,
           "ema_dist_close": 0.0029441187892161966,
           "ema_dist_entry": -0.006899703006473927,
           "ema_span_0": 9.082344740316472,
           "ema_span_1": 935.7226512380286,
           "enabled": true,
           "markup_range": 0.2,
           "min_markup": 0.2,
           "n_close_orders": 1,
           "qty_pct_close": 0.010202109440378334,
           "qty_pct_entry": 0.010000497266764313,
           "wallet_exposure_limit": 1,
           "we_multiplier_close": 0,
           "we_multiplier_entry": 9.645104986712898}}