{"config_name": "clock_0days",
 "long": {"backwards_tp": true,
          "delay_between_fills_minutes_close": 1203.4611181572768,
          "delay_between_fills_minutes_entry": 1265.794247342226,
          "delay_weight_close": 0,
          "delay_weight_entry": 12.499722800741255,
          "ema_dist_close": -0.0005024491267574696,
          "ema_dist_entry": -0.027340186975463802,
          "ema_span_0": 452.468690047275,
          "ema_span_1": 1198.7397140746277,
          "enabled": true,
          "markup_range": 0.2,
          "min_markup": 0.2,
          "n_close_orders": 1,
          "qty_pct_close": 0.010048868385421263,
          "qty_pct_entry": 0.01,
          "wallet_exposure_limit": 1,
          "we_multiplier_close": 0,
          "we_multiplier_entry": 9.823099979339839},
 "short": {"backwards_tp": true,
           "delay_between_fills_minutes_close": 1307.2449624621993,
           "delay_between_fills_minutes_entry": 790.3950370792779,
           "delay_weight_close": 0,
           "delay_weight_entry": 14.99666336310483,
           "ema_dist_close": -0.004540150724966096,
           "ema_dist_entry": -0.007693291856595792,
           "ema_span_0": 1139.1336177640706,
           "ema_span_1": 675.2041597066742,
           "enabled": true,
           "markup_range": 0.2,
           "min_markup": 0.2,
           "n_close_orders": 1,
           "qty_pct_close": 0.02266718250353984,
           "qty_pct_entry": 0.016774245691894223,
           "wallet_exposure_limit": 1,
           "we_multiplier_close": 0,
           "we_multiplier_entry": 9.57948571130427}}