{"config_name": "clock_0days",
 "long": {"backwards_tp": true,
          "delay_between_fills_minutes_close": 1294.5591713988508,
          "delay_between_fills_minutes_entry": 1222.387567984932,
          "delay_weight_close": 0,
          "delay_weight_entry": 10.558181151699905,
          "ema_dist_close": -0.0008640894989598183,
          "ema_dist_entry": 0.0006870016090268654,
          "ema_span_0": 913.497230257846,
          "ema_span_1": 1436.215122325884,
          "enabled": true,
          "markup_range": 0.2,
          "min_markup": 0.2,
          "n_close_orders": 1,
          "qty_pct_close": 0.01689913460888909,
          "qty_pct_entry": 0.010080542810707492,
          "wallet_exposure_limit": 1,
          "we_multiplier_close": 0,
          "we_multiplier_entry": 9.995938157759916},
 "short": {"backwards_tp": true,
           "delay_between_fills_minutes_close": 1333.3541738270978,
           "delay_between_fills_minutes_entry": 1133.544147008662,
           "delay_weight_close": 0,
           "delay_weight_entry": 13.985442036762864,
           "ema_dist_close": 0.0028130190550572053,
           "ema_dist_entry": -0.0007086188001904501,
           "ema_span_0": 1134.4330727336142,
           "ema_span_1": 336.48457168114845,
           "enabled": true,
           "markup_range": 0.2,
           "min_markup": 0.2,
           "n_close_orders": 1,
           "qty_pct_close": 0.01674543471714861,
           "qty_pct_entry": 0.0159529662944763,
           "wallet_exposure_limit": 1,
           "we_multiplier_close": 0,
           "we_multiplier_entry": 9.141452751421218}}