{"config_name": "clock_0days",
 "long": {"backwards_tp": true,
          "delay_between_fills_minutes_close": 1428.2154638603602,
          "delay_between_fills_minutes_entry": 1044.898378602072,
          "delay_weight_close": 0,
          "delay_weight_entry": 10.586532185086313,
          "ema_dist_close": 0.0010565943229162475,
          "ema_dist_entry": -0.002263974056758919,
          "ema_span_0": 1423.923887979255,
          "ema_span_1": 1295.1143740669238,
          "enabled": true,
          "markup_range": 0.2,
          "min_markup": 0.2,
          "n_close_orders": 1,
          "qty_pct_close": 0.016102132015729593,
          "qty_pct_entry": 0.010556074384481732,
          "wallet_exposure_limit": 1,
          "we_multiplier_close": 0,
          "we_multiplier_entry": 9.950606859597613},
 "short": {"backwards_tp": true,
           "delay_between_fills_minutes_close": 1423.8817832880302,
           "delay_between_fills_minutes_entry": 647.5493853721531,
           "delay_weight_close": 0,
           "delay_weight_entry": 6.974831854223101,
           "ema_dist_close": -0.0035085468171338354,
           "ema_dist_entry": -0.004428144109769674,
           "ema_span_0": 612.423977376808,
           "ema_span_1": 605.0330359148352,
           "enabled": true,
           "markup_range": 0.2,
           "min_markup": 0.2,
           "n_close_orders": 1,
           "qty_pct_close": 0.01143580772435395,
           "qty_pct_entry": 0.01601059995335201,
           "wallet_exposure_limit": 1,
           "we_multiplier_close": 0,
           "we_multiplier_entry": 9.121202682936747}}