{"config_name": "clock_0days",
 "long": {"backwards_tp": true,
          "delay_between_fills_minutes_close": 1227.7995308089592,
          "delay_between_fills_minutes_entry": 1068.5930950999073,
          "delay_weight_close": 0,
          "delay_weight_entry": 9.480197763450395,
          "ema_dist_close": -0.00041694208248724924,
          "ema_dist_entry": -0.002304322571779274,
          "ema_span_0": 1100.419610237486,
          "ema_span_1": 544.0615071003361,
          "enabled": true,
          "markup_range": 0.2,
          "min_markup": 0.2,
          "n_close_orders": 1,
          "qty_pct_close": 0.011975770785258287,
          "qty_pct_entry": 0.020042093949155005,
          "wallet_exposure_limit": 1,
          "we_multiplier_close": 0,
          "we_multiplier_entry": 9.219164099825345},
 "short": {"backwards_tp": true,
           "delay_between_fills_minutes_close": 832.7235105205419,
           "delay_between_fills_minutes_entry": 548.0281043144346,
           "delay_weight_close": 0,
           "delay_weight_entry": 27.696941867442785,
           "ema_dist_close": -0.0033718889918021035,
           "ema_dist_entry": -1.9136156769407096e-06,
           "ema_span_0": 867.7070287095077,
           "ema_span_1": 960.5358883673026,
           "enabled": true,
           "markup_range": 0.2,
           "min_markup": 0.2,
           "n_close_orders": 1,
           "qty_pct_close": 0.013351753251483928,
           "qty_pct_entry": 0.017786489230771856,
           "wallet_exposure_limit": 1,
           "we_multiplier_close": 0,
           "we_multiplier_entry": 9.998072718205826}}