{"config_name": "clock_0days",
 "long": {"backwards_tp": true,
          "delay_between_fills_minutes_close": 521.7603243740695,
          "delay_between_fills_minutes_entry": 769.9296774628966,
          "delay_weight_close": 0,
          "delay_weight_entry": 13.32034012519684,
          "ema_dist_close": 0.0025548970693686814,
          "ema_dist_entry": 0.002977299553394627,
          "ema_span_0": 1175.7980040326704,
          "ema_span_1": 1045.1400862539235,
          "enabled": true,
          "markup_range": 0.2,
          "min_markup": 0.2,
          "n_close_orders": 1,
          "qty_pct_close": 0.010382319101156723,
          "qty_pct_entry": 0.011369724708293267,
          "wallet_exposure_limit": 1,
          "we_multiplier_close": 0,
          "we_multiplier_entry": 9.783849169726006},
 "short": {"backwards_tp": true,
           "delay_between_fills_minutes_close": 1346.5225720008018,
           "delay_between_fills_minutes_entry": 219.7506646481463,
           "delay_weight_close": 0,
           "delay_weight_entry": 1.6878188313963847,
           "ema_dist_close": 0.000859620219531208,
           "ema_dist_entry": 0.002981671173784195,
           "ema_span_0": 1070.3760677895707,
           "ema_span_1": 872.9919495755898,
           "enabled": true,
           "markup_range": 0.2,
           "min_markup": 0.2,
           "n_close_orders": 1,
           "qty_pct_close": 0.027710255804151415,
           "qty_pct_entry": 0.017340267279843443,
           "wallet_exposure_limit": 1,
           "we_multiplier_close": 0,
           "we_multiplier_entry": 6.59652959812533}}