{"config_name": "clock_0days",
 "long": {"backwards_tp": true,
          "delay_between_fills_minutes_close": 833.1300275559712,
          "delay_between_fills_minutes_entry": 1212.803527085094,
          "delay_weight_close": 0,
          "delay_weight_entry": 10.37922745763959,
          "ema_dist_close": -0.009510778465579003,
          "ema_dist_entry": 0.0015544752209250647,
          "ema_span_0": 1369.194009433199,
          "ema_span_1": 1344.924365633511,
          "enabled": true,
          "markup_range": 0.2,
          "min_markup": 0.2,
          "n_close_orders": 1,
          "qty_pct_close": 0.010063953212069694,
          "qty_pct_entry": 0.01096620969409276,
          "wallet_exposure_limit": 1,
          "we_multiplier_close": 0,
          "we_multiplier_entry": 9.792246221691608},
 "short": {"backwards_tp": true,
           "delay_between_fills_minutes_close": 1404.0606565467324,
           "delay_between_fills_minutes_entry": 597.3404935133965,
           "delay_weight_close": 0,
           "delay_weight_entry": 7.3189798041352185,
           "ema_dist_close": 0.0026241791967977824,
           "ema_dist_entry": -0.0058327947396331955,
           "ema_span_0": 383.1823643909721,
           "ema_span_1": 1192.3384075923834,
           "enabled": true,
           "markup_range": 0.2,
           "min_markup": 0.2,
           "n_close_orders": 1,
           "qty_pct_close": 0.01573391125062259,
           "qty_pct_entry": 0.01069624576704663,
           "wallet_exposure_limit": 1,
           "we_multiplier_close": 0,
           "we_multiplier_entry": 9.332602107381742}}