{"config_name": "clock_0days",
 "long": {"backwards_tp": true,
          "delay_between_fills_minutes_close": 593.7839940862833,
          "delay_between_fills_minutes_entry": 1349.6547115519363,
          "delay_weight_close": 0,
          "delay_weight_entry": 11.783630048138324,
          "ema_dist_close": 0.0029586601407631413,
          "ema_dist_entry": -0.0007703020436630937,
          "ema_span_0": 1230.7466168345422,
          "ema_span_1": 1380.275694355039,
          "enabled": true,
          "markup_range": 0.2,
          "min_markup": 0.2,
          "n_close_orders": 1,
          "qty_pct_close": 0.010023263627875487,
          "qty_pct_entry": 0.010680411439793808,
          "wallet_exposure_limit": 1,
          "we_multiplier_close": 0,
          "we_multiplier_entry": 9.15153762541229},
 "short": {"backwards_tp": true,
           "delay_between_fills_minutes_close": 831.146596366015,
           "delay_between_fills_minutes_entry": 1101.442842050689,
           "delay_weight_close": 0,
           "delay_weight_entry": 27.09728812060358,
           "ema_dist_close": -0.003021768424445727,
           "ema_dist_entry": 0.0006496651783955774,
           "ema_span_0": 1336.167476771332,
           "ema_span_1": 437.0912439221482,
           "enabled": true,
           "markup_range": 0.2,
           "min_markup": 0.2,
           "n_close_orders": 1,
           "qty_pct_close": 0.0103635691138784,
           "qty_pct_entry": 0.010043999119711851,
           "wallet_exposure_limit": 1,
           "we_multiplier_close": 0,
           "we_multiplier_entry": 9.855109710575533}}