{"config_name": "clock_0days",
 "long": {"backwards_tp": true,
          "delay_between_fills_minutes_close": 1286.278457321503,
          "delay_between_fills_minutes_entry": 834.0816443740619,
          "delay_weight_close": 0,
          "delay_weight_entry": 10.640623875533915,
          "ema_dist_close": 0.002986756643100404,
          "ema_dist_entry": -0.000583390349495386,
          "ema_span_0": 5.070100507623538,
          "ema_span_1": 580.684309125214,
          "enabled": true,
          "markup_range": 0.2,
          "min_markup": 0.2,
          "n_close_orders": 1,
          "qty_pct_close": 0.015107454686523959,
          "qty_pct_entry": 0.010000000677648875,
          "wallet_exposure_limit": 1,
          "we_multiplier_close": 0,
          "we_multiplier_entry": 6.8912686853238405},
 "short": {"backwards_tp": true,
           "delay_between_fills_minutes_close": 831.146596366015,
           "delay_between_fills_minutes_entry": 1101.442842050689,
           "delay_weight_close": 0,
           "delay_weight_entry": 27.09728812060358,
           "ema_dist_close": -0.003021768424445727,
           "ema_dist_entry": 0.0006496651783955774,
           "ema_span_0": 1336.167476771332,
           "ema_span_1": 437.0912439221482,
           "enabled": true,
           "markup_range": 0.2,
           "min_markup": 0.2,
           "n_close_orders": 1,
           "qty_pct_close": 0.0103635691138784,
           "qty_pct_entry": 0.010043999119711851,
           "wallet_exposure_limit": 1,
           "we_multiplier_close": 0,
           "we_multiplier_entry": 9.855109710575533}}