{"config_name": "clock_0days",
 "long": {"backwards_tp": true,
          "delay_between_fills_minutes_close": 1286.278457321503,
          "delay_between_fills_minutes_entry": 834.0816443740619,
          "delay_weight_close": 0,
          "delay_weight_entry": 10.640623875533915,
          "ema_dist_close": 0.002986756643100404,
          "ema_dist_entry": -0.000583390349495386,
          "ema_span_0": 5.070100507623538,
          "ema_span_1": 580.684309125214,
          "enabled": true,
          "markup_range": 0.2,
          "min_markup": 0.2,
          "n_close_orders": 1,
          "qty_pct_close": 0.015107454686523959,
          "qty_pct_entry": 0.010000000677648875,
          "wallet_exposure_limit": 1,
          "we_multiplier_close": 0,
          "we_multiplier_entry": 6.8912686853238405},
 "short": {"backwards_tp": true,
           "delay_between_fills_minutes_close": 1306.9772200398124,
           "delay_between_fills_minutes_entry": 269.81092271412956,
           "delay_weight_close": 0,
           "delay_weight_entry": 7.362223451213462,
           "ema_dist_close": -0.0018196973325771003,
           "ema_dist_entry": 0.001709340177178469,
           "ema_span_0": 731.742738595332,
           "ema_span_1": 1034.0826912227806,
           "enabled": true,
           "markup_range": 0.2,
           "min_markup": 0.2,
           "n_close_orders": 1,
           "qty_pct_close": 0.011837288953960648,
           "qty_pct_entry": 0.010888132101221097,
           "wallet_exposure_limit": 1,
           "we_multiplier_close": 0,
           "we_multiplier_entry": 9.299793489698416}}