{"config_name": "clock_0days",
 "long": {"backwards_tp": true,
          "delay_between_fills_minutes_close": 1400.9064026488463,
          "delay_between_fills_minutes_entry": 1440,
          "delay_weight_close": 0,
          "delay_weight_entry": 10.959076388436209,
          "ema_dist_close": 0.003,
          "ema_dist_entry": -0.02772778938036382,
          "ema_span_0": 1138.739721733395,
          "ema_span_1": 5.0062918268054695,
          "enabled": true,
          "markup_range": 0.2,
          "min_markup": 0.2,
          "n_close_orders": 1,
          "qty_pct_close": 0.017450501048647354,
          "qty_pct_entry": 0.01101553339681686,
          "wallet_exposure_limit": 1,
          "we_multiplier_close": 0,
          "we_multiplier_entry": 9.934438426010102},
 "short": {"backwards_tp": true,
           "delay_between_fills_minutes_close": 1260.0265415031079,
           "delay_between_fills_minutes_entry": 1137.651218740672,
           "delay_weight_close": 0,
           "delay_weight_entry": 25.3030756112232,
           "ema_dist_close": -0.0013381742919232303,
           "ema_dist_entry": -0.010080730309767,
           "ema_span_0": 1335.370090456449,
           "ema_span_1": 1120.1708687982666,
           "enabled": true,
           "markup_range": 0.2,
           "min_markup": 0.2,
           "n_close_orders": 1,
           "qty_pct_close": 0.012216300466014737,
           "qty_pct_entry": 0.01759800671224648,
           "wallet_exposure_limit": 1,
           "we_multiplier_close": 0,
           "we_multiplier_entry": 8.952006750363102}}