{"config_name": "clock_0days",
 "long": {"backwards_tp": true,
          "delay_between_fills_minutes_close": 1266.6770429974376,
          "delay_between_fills_minutes_entry": 752.4399864420632,
          "delay_weight_close": 0,
          "delay_weight_entry": 29.370592315262346,
          "ema_dist_close": 0.0012602939584487683,
          "ema_dist_entry": -0.0029290555464139122,
          "ema_span_0": 380.15410611634405,
          "ema_span_1": 1400.4504008491972,
          "enabled": true,
          "markup_range": 0.2,
          "min_markup": 0.2,
          "n_close_orders": 1,
          "qty_pct_close": 0.043984734198136144,
          "qty_pct_entry": 0.018595681207980296,
          "wallet_exposure_limit": 1,
          "we_multiplier_close": 0,
          "we_multiplier_entry": 7.900895979162492},
 "short": {"backwards_tp": true,
           "delay_between_fills_minutes_close": 1335.2768819845921,
           "delay_between_fills_minutes_entry": 428.6975600221851,
           "delay_weight_close": 0,
           "delay_weight_entry": 25.83468775753399,
           "ema_dist_close": -0.005729792068735952,
           "ema_dist_entry": -0.0060008799575101785,
           "ema_span_0": 615.8987912234022,
           "ema_span_1": 389.18468385438194,
           "enabled": true,
           "markup_range": 0.2,
           "min_markup": 0.2,
           "n_close_orders": 1,
           "qty_pct_close": 0.010713783063561551,
           "qty_pct_entry": 0.01028958370444903,
           "wallet_exposure_limit": 1,
           "we_multiplier_close": 0,
           "we_multiplier_entry": 9.369243812144566}}