{"config_name": "clock_0days",
 "long": {"backwards_tp": true,
          "delay_between_fills_minutes_close": 1302.0553240831775,
          "delay_between_fills_minutes_entry": 744.6283945538563,
          "delay_weight_close": 0,
          "delay_weight_entry": 7.47004907461783,
          "ema_dist_close": 0.0029993243778576356,
          "ema_dist_entry": -0.004605501118424108,
          "ema_span_0": 1365.5962189821926,
          "ema_span_1": 25.313532385768017,
          "enabled": true,
          "markup_range": 0.2,
          "min_markup": 0.2,
          "n_close_orders": 1,
          "qty_pct_close": 0.02407958560010621,
          "qty_pct_entry": 0.010007319142267164,
          "wallet_exposure_limit": 1,
          "we_multiplier_close": 0,
          "we_multiplier_entry": 9.999999479131189},
 "short": {"backwards_tp": true,
           "delay_between_fills_minutes_close": 1241.5531396673398,
           "delay_between_fills_minutes_entry": 924.7665421320967,
           "delay_weight_close": 0,
           "delay_weight_entry": 5.082690639588664,
           "ema_dist_close": 0.002965477638722856,
           "ema_dist_entry": -0.00831357205741749,
           "ema_span_0": 1188.005118327466,
           "ema_span_1": 684.6816258458737,
           "enabled": true,
           "markup_range": 0.2,
           "min_markup": 0.2,
           "n_close_orders": 1,
           "qty_pct_close": 0.010129662625364787,
           "qty_pct_entry": 0.01583046026292428,
           "wallet_exposure_limit": 1,
           "we_multiplier_close": 0,
           "we_multiplier_entry": 6.679930277336049}}