{"config_name": "clock_0days",
 "long": {"backwards_tp": true,
          "delay_between_fills_minutes_close": 1409.2523689784412,
          "delay_between_fills_minutes_entry": 592.3926124970354,
          "delay_weight_close": 0,
          "delay_weight_entry": 12.160621998382826,
          "ema_dist_close": 0.0006770893834596368,
          "ema_dist_entry": -0.00684337984136156,
          "ema_span_0": 850.3837607809575,
          "ema_span_1": 322.4578598589943,
          "enabled": true,
          "markup_range": 0.2,
          "min_markup": 0.2,
          "n_close_orders": 1,
          "qty_pct_close": 0.010212491158651759,
          "qty_pct_entry": 0.011678700485474801,
          "wallet_exposure_limit": 1,
          "we_multiplier_close": 0,
          "we_multiplier_entry": 8.505994062962653},
 "short": {"backwards_tp": true,
           "delay_between_fills_minutes_close": 832.7235105205419,
           "delay_between_fills_minutes_entry": 548.0281043144346,
           "delay_weight_close": 0,
           "delay_weight_entry": 27.696941867442785,
           "ema_dist_close": -0.0033718889918021035,
           "ema_dist_entry": -1.9136156769407096e-06,
           "ema_span_0": 867.7070287095077,
           "ema_span_1": 960.5358883673026,
           "enabled": true,
           "markup_range": 0.2,
           "min_markup": 0.2,
           "n_close_orders": 1,
           "qty_pct_close": 0.013351753251483928,
           "qty_pct_entry": 0.017786489230771856,
           "wallet_exposure_limit": 1,
           "we_multiplier_close": 0,
           "we_multiplier_entry": 9.998072718205826}}