{"config_name": "clock_0days",
 "long": {"backwards_tp": true,
          "delay_between_fills_minutes_close": 1439.5360124862,
          "delay_between_fills_minutes_entry": 859.1227070243172,
          "delay_weight_close": 0,
          "delay_weight_entry": 13.25201710002017,
          "ema_dist_close": 0.001733117204678289,
          "ema_dist_entry": 0.002232389049173993,
          "ema_span_0": 982.6152333352189,
          "ema_span_1": 789.3269555523823,
          "enabled": true,
          "markup_range": 0.2,
          "min_markup": 0.2,
          "n_close_orders": 1,
          "qty_pct_close": 0.012665893826731929,
          "qty_pct_entry": 0.0127344177482051,
          "wallet_exposure_limit": 1,
          "we_multiplier_close": 0,
          "we_multiplier_entry": 6.890426202318031},
 "short": {"backwards_tp": true,
           "delay_between_fills_minutes_close": 1410.1883668126077,
           "delay_between_fills_minutes_entry": 715.2035803334743,
           "delay_weight_close": 0,
           "delay_weight_entry": 8.871380681433667,
           "ema_dist_close": -0.002882270356222004,
           "ema_dist_entry": -0.04349643255790327,
           "ema_span_0": 1181.7009862367192,
           "ema_span_1": 1118.7599119180738,
           "enabled": true,
           "markup_range": 0.2,
           "min_markup": 0.2,
           "n_close_orders": 1,
           "qty_pct_close": 0.01005552873997189,
           "qty_pct_entry": 0.010509015651677372,
           "wallet_exposure_limit": 1,
           "we_multiplier_close": 0,
           "we_multiplier_entry": 9.489761446197864}}