{"config_name": "clock_0days",
 "long": {"backwards_tp": true,
          "delay_between_fills_minutes_close": 1009.1977740778378,
          "delay_between_fills_minutes_entry": 909.967718334142,
          "delay_weight_close": 0,
          "delay_weight_entry": 15.256177586301156,
          "ema_dist_close": 0.0017054772290421116,
          "ema_dist_entry": 0.002419259869883262,
          "ema_span_0": 249.76804345090204,
          "ema_span_1": 1340.698356145972,
          "enabled": true,
          "markup_range": 0.2,
          "min_markup": 0.2,
          "n_close_orders": 1,
          "qty_pct_close": 0.015820073008262145,
          "qty_pct_entry": 0.010128692522338976,
          "wallet_exposure_limit": 1,
          "we_multiplier_close": 0,
          "we_multiplier_entry": 9.752682195950484},
 "short": {"backwards_tp": true,
           "delay_between_fills_minutes_close": 1210.5854819005217,
           "delay_between_fills_minutes_entry": 1201.8652824589042,
           "delay_weight_close": 0,
           "delay_weight_entry": 13.128115257669641,
           "ema_dist_close": 0.0011007867425663353,
           "ema_dist_entry": 0.002899917470147996,
           "ema_span_0": 680.9184979346117,
           "ema_span_1": 1135.8101404085917,
           "enabled": true,
           "markup_range": 0.2,
           "min_markup": 0.2,
           "n_close_orders": 1,
           "qty_pct_close": 0.03301262190452386,
           "qty_pct_entry": 0.01442787548021332,
           "wallet_exposure_limit": 1,
           "we_multiplier_close": 0,
           "we_multiplier_entry": 3.9742782293134975}}