{"config_name": "clock_0days",
 "long": {"backwards_tp": true,
          "delay_between_fills_minutes_close": 1438.063846218405,
          "delay_between_fills_minutes_entry": 445.7677638229376,
          "delay_weight_close": 0,
          "delay_weight_entry": 6.549904084902322,
          "ema_dist_close": -0.0010414001955763854,
          "ema_dist_entry": 0.0018164204178684844,
          "ema_span_0": 441.7484316796892,
          "ema_span_1": 1261.8110358374045,
          "enabled": true,
          "markup_range": 0.2,
          "min_markup": 0.2,
          "n_close_orders": 1,
          "qty_pct_close": 0.011730318329115672,
          "qty_pct_entry": 0.01,
          "wallet_exposure_limit": 1,
          "we_multiplier_close": 0,
          "we_multiplier_entry": 6.9242458298509},
 "short": {"backwards_tp": true,
           "delay_between_fills_minutes_close": 1241.5531396673398,
           "delay_between_fills_minutes_entry": 924.7665421320967,
           "delay_weight_close": 0,
           "delay_weight_entry": 5.082690639588664,
           "ema_dist_close": 0.002965477638722856,
           "ema_dist_entry": -0.00831357205741749,
           "ema_span_0": 1188.005118327466,
           "ema_span_1": 684.6816258458737,
           "enabled": true,
           "markup_range": 0.2,
           "min_markup": 0.2,
           "n_close_orders": 1,
           "qty_pct_close": 0.010129662625364787,
           "qty_pct_entry": 0.01583046026292428,
           "wallet_exposure_limit": 1,
           "we_multiplier_close": 0,
           "we_multiplier_entry": 6.679930277336049}}