{"config_name": "clock_0days",
 "long": {"backwards_tp": true,
          "delay_between_fills_minutes_close": 1018.1326928268926,
          "delay_between_fills_minutes_entry": 1209.2441405456718,
          "delay_weight_close": 0,
          "delay_weight_entry": 26.30335818604116,
          "ema_dist_close": -0.003752793838310099,
          "ema_dist_entry": 0.0016972391242632869,
          "ema_span_0": 1112.679175136077,
          "ema_span_1": 1155.3596235352968,
          "enabled": true,
          "markup_range": 0.2,
          "min_markup": 0.2,
          "n_close_orders": 1,
          "qty_pct_close": 0.010001201873711948,
          "qty_pct_entry": 0.011612013565130612,
          "wallet_exposure_limit": 1,
          "we_multiplier_close": 0,
          "we_multiplier_entry": 9.894977345286492},
 "short": {"backwards_tp": true,
           "delay_between_fills_minutes_close": 1400.0242714648448,
           "delay_between_fills_minutes_entry": 328.2305083427938,
           "delay_weight_close": 0,
           "delay_weight_entry": 12.24139049420294,
           "ema_dist_close": -0.0008560612853727447,
           "ema_dist_entry": -0.005497049380766986,
           "ema_span_0": 384.44513774552,
           "ema_span_1": 1256.9980699630817,
           "enabled": true,
           "markup_range": 0.2,
           "min_markup": 0.2,
           "n_close_orders": 1,
           "qty_pct_close": 0.011128236162992335,
           "qty_pct_entry": 0.013734107201188051,
           "wallet_exposure_limit": 1,
           "we_multiplier_close": 0,
           "we_multiplier_entry": 9.99114774620646}}