{"config_name": "clock_0days",
 "long": {"backwards_tp": true,
          "delay_between_fills_minutes_close": 853.4756680075038,
          "delay_between_fills_minutes_entry": 363.82500611441225,
          "delay_weight_close": 0,
          "delay_weight_entry": 24.325264328955065,
          "ema_dist_close": -0.0010880396686602934,
          "ema_dist_entry": 0.0028425839377123055,
          "ema_span_0": 1001.6218619505116,
          "ema_span_1": 729.5370897971022,
          "enabled": true,
          "markup_range": 0.2,
          "min_markup": 0.2,
          "n_close_orders": 1,
          "qty_pct_close": 0.04930744247869185,
          "qty_pct_entry": 0.02434332684967244,
          "wallet_exposure_limit": 1,
          "we_multiplier_close": 0,
          "we_multiplier_entry": 7.641317309338868},
 "short": {"backwards_tp": true,
           "delay_between_fills_minutes_close": 1364.2587732218208,
           "delay_between_fills_minutes_entry": 425.84037015267313,
           "delay_weight_close": 0,
           "delay_weight_entry": 7.188384360444416,
           "ema_dist_close": 0.0004912029105375679,
           "ema_dist_entry": -0.0028814858912651446,
           "ema_span_0": 1298.8192103417834,
           "ema_span_1": 690.4848588072921,
           "enabled": true,
           "markup_range": 0.2,
           "min_markup": 0.2,
           "n_close_orders": 1,
           "qty_pct_close": 0.011262475636718951,
           "qty_pct_entry": 0.011465358373293532,
           "wallet_exposure_limit": 1,
           "we_multiplier_close": 0,
           "we_multiplier_entry": 9.362093152965102}}