{"config_name": "clock_0days",
 "long": {"backwards_tp": true,
          "delay_between_fills_minutes_close": 1227.7995308089592,
          "delay_between_fills_minutes_entry": 1068.5930950999073,
          "delay_weight_close": 0,
          "delay_weight_entry": 9.480197763450395,
          "ema_dist_close": -0.00041694208248724924,
          "ema_dist_entry": -0.002304322571779274,
          "ema_span_0": 1100.419610237486,
          "ema_span_1": 544.0615071003361,
          "enabled": true,
          "markup_range": 0.2,
          "min_markup": 0.2,
          "n_close_orders": 1,
          "qty_pct_close": 0.011975770785258287,
          "qty_pct_entry": 0.020042093949155005,
          "wallet_exposure_limit": 1,
          "we_multiplier_close": 0,
          "we_multiplier_entry": 9.219164099825345},
 "short": {"backwards_tp": true,
           "delay_between_fills_minutes_close": 1411.1968411072783,
           "delay_between_fills_minutes_entry": 1174.9580129356102,
           "delay_weight_close": 0,
           "delay_weight_entry": 6.803022024280431,
           "ema_dist_close": -0.0014828244022903649,
           "ema_dist_entry": -0.005648810861896309,
           "ema_span_0": 626.126866947274,
           "ema_span_1": 842.2993110771496,
           "enabled": true,
           "markup_range": 0.2,
           "min_markup": 0.2,
           "n_close_orders": 1,
           "qty_pct_close": 0.010086907414758386,
           "qty_pct_entry": 0.01078816215728284,
           "wallet_exposure_limit": 1,
           "we_multiplier_close": 0,
           "we_multiplier_entry": 8.87643160171025}}