{"config_name": "clock_0days",
 "long": {"backwards_tp": true,
          "delay_between_fills_minutes_close": 1430.8328838880266,
          "delay_between_fills_minutes_entry": 568.900308891042,
          "delay_weight_close": 0,
          "delay_weight_entry": 12.984572220378992,
          "ema_dist_close": 0.0029502650992093388,
          "ema_dist_entry": -0.000593120783969449,
          "ema_span_0": 1162.8601593295332,
          "ema_span_1": 1382.7324818780382,
          "enabled": true,
          "markup_range": 0.2,
          "min_markup": 0.2,
          "n_close_orders": 1,
          "qty_pct_close": 0.0269141471590569,
          "qty_pct_entry": 0.01015102661932223,
          "wallet_exposure_limit": 1,
          "we_multiplier_close": 0,
          "we_multiplier_entry": 5.074656308268904},
 "short": {"backwards_tp": true,
           "delay_between_fills_minutes_close": 871.0076644722373,
           "delay_between_fills_minutes_entry": 966.5104024105381,
           "delay_weight_close": 0,
           "delay_weight_entry": 27.12654429442176,
           "ema_dist_close": -0.002309627899683788,
           "ema_dist_entry": -0.00011334500836491201,
           "ema_span_0": 640.8885394037771,
           "ema_span_1": 1405.8237926382726,
           "enabled": true,
           "markup_range": 0.2,
           "min_markup": 0.2,
           "n_close_orders": 1,
           "qty_pct_close": 0.03499318124348151,
           "qty_pct_entry": 0.01216979353232123,
           "wallet_exposure_limit": 1,
           "we_multiplier_close": 0,
           "we_multiplier_entry": 6.985962569174529}}