{"config_name": "clock_0days",
 "long": {"backwards_tp": true,
          "delay_between_fills_minutes_close": 1104.653115516864,
          "delay_between_fills_minutes_entry": 497.243075560796,
          "delay_weight_close": 0,
          "delay_weight_entry": 13.237436199618298,
          "ema_dist_close": 0.002941999138864414,
          "ema_dist_entry": -0.002567086001269032,
          "ema_span_0": 1409.7405710700502,
          "ema_span_1": 1019.2052990694884,
          "enabled": true,
          "markup_range": 0.2,
          "min_markup": 0.2,
          "n_close_orders": 1,
          "qty_pct_close": 0.012081853775910988,
          "qty_pct_entry": 0.014675336449015808,
          "wallet_exposure_limit": 1,
          "we_multiplier_close": 0,
          "we_multiplier_entry": 9.99952291452805},
 "short": {"backwards_tp": true,
           "delay_between_fills_minutes_close": 1056.015809849692,
           "delay_between_fills_minutes_entry": 795.7910862190191,
           "delay_weight_close": 0,
           "delay_weight_entry": 18.65724151119194,
           "ema_dist_close": -0.0027743756697119256,
           "ema_dist_entry": -0.00979327688843155,
           "ema_span_0": 1244.3558213024007,
           "ema_span_1": 1361.5009213893104,
           "enabled": true,
           "markup_range": 0.2,
           "min_markup": 0.2,
           "n_close_orders": 1,
           "qty_pct_close": 0.014374584622706061,
           "qty_pct_entry": 0.013636436987004629,
           "wallet_exposure_limit": 1,
           "we_multiplier_close": 0,
           "we_multiplier_entry": 8.606071153342283}}