{"config_name": "clock_0days",
 "long": {"backwards_tp": true,
          "delay_between_fills_minutes_close": 1384.1091225426126,
          "delay_between_fills_minutes_entry": 611.6254569509724,
          "delay_weight_close": 0,
          "delay_weight_entry": 23.44268989485146,
          "ema_dist_close": 0.0029996327286531494,
          "ema_dist_entry": -0.0068984518075020035,
          "ema_span_0": 1329.4864579288776,
          "ema_span_1": 585.4828680357193,
          "enabled": true,
          "markup_range": 0.2,
          "min_markup": 0.2,
          "n_close_orders": 1,
          "qty_pct_close": 0.03367200615364038,
          "qty_pct_entry": 0.012888464025018646,
          "wallet_exposure_limit": 1,
          "we_multiplier_close": 0,
          "we_multiplier_entry": 8.677478366506111},
 "short": {"backwards_tp": true,
           "delay_between_fills_minutes_close": 651.4169496594105,
           "delay_between_fills_minutes_entry": 114.03862314682469,
           "delay_weight_close": 0,
           "delay_weight_entry": 16.194811111382208,
           "ema_dist_close": 0.001469410278343695,
           "ema_dist_entry": -0.00030275227134301814,
           "ema_span_0": 294.4448675643771,
           "ema_span_1": 210.41861110021503,
           "enabled": true,
           "markup_range": 0.2,
           "min_markup": 0.2,
           "n_close_orders": 1,
           "qty_pct_close": 0.012707208624374853,
           "qty_pct_entry": 0.010001809165311236,
           "wallet_exposure_limit": 1,
           "we_multiplier_close": 0,
           "we_multiplier_entry": 9.493889468278645}}