{"config_name": "clock_0days",
 "long": {"backwards_tp": true,
          "delay_between_fills_minutes_close": 1439.9173644454004,
          "delay_between_fills_minutes_entry": 1419.8246387852046,
          "delay_weight_close": 0,
          "delay_weight_entry": 15.183351382612488,
          "ema_dist_close": 0.0015012186349785742,
          "ema_dist_entry": 0.0014541136121861997,
          "ema_span_0": 389.51920707173974,
          "ema_span_1": 897.3213415855408,
          "enabled": true,
          "markup_range": 0.2,
          "min_markup": 0.2,
          "n_close_orders": 1,
          "qty_pct_close": 0.01018937358950912,
          "qty_pct_entry": 0.010050152566720193,
          "wallet_exposure_limit": 1,
          "we_multiplier_close": 0,
          "we_multiplier_entry": 5.255688645124718},
 "short": {"backwards_tp": true,
           "delay_between_fills_minutes_close": 885.4990958624089,
           "delay_between_fills_minutes_entry": 828.6580183585879,
           "delay_weight_close": 0,
           "delay_weight_entry": 22.267129707838787,
           "ema_dist_close": 0.002266588450384522,
           "ema_dist_entry": -0.009709243442689435,
           "ema_span_0": 1236.730426399713,
           "ema_span_1": 767.1031813611141,
           "enabled": true,
           "markup_range": 0.2,
           "min_markup": 0.2,
           "n_close_orders": 1,
           "qty_pct_close": 0.030487100012519728,
           "qty_pct_entry": 0.014204103824928826,
           "wallet_exposure_limit": 1,
           "we_multiplier_close": 0,
           "we_multiplier_entry": 9.882166003822793}}