{"config_name": "clock_0days",
 "long": {"backwards_tp": true,
          "delay_between_fills_minutes_close": 1435.8471219862013,
          "delay_between_fills_minutes_entry": 1439.5546497907865,
          "delay_weight_close": 0,
          "delay_weight_entry": 13.090442704461383,
          "ema_dist_close": 0.002996520452507227,
          "ema_dist_entry": -0.0033451476752006455,
          "ema_span_0": 367.80671025597053,
          "ema_span_1": 1350.9596433183763,
          "enabled": true,
          "markup_range": 0.2,
          "min_markup": 0.2,
          "n_close_orders": 1,
          "qty_pct_close": 0.011131520461024794,
          "qty_pct_entry": 0.012949698111735146,
          "wallet_exposure_limit": 1,
          "we_multiplier_close": 0,
          "we_multiplier_entry": 9.246610551859352},
 "short": {"backwards_tp": true,
           "delay_between_fills_minutes_close": 915.111167038018,
           "delay_between_fills_minutes_entry": 829.899307490801,
           "delay_weight_close": 0,
           "delay_weight_entry": 13.743453934991578,
           "ema_dist_close": -0.0009512631874595318,
           "ema_dist_entry": 0.0012970239907388545,
           "ema_span_0": 477.4363440470011,
           "ema_span_1": 854.14796144117,
           "enabled": true,
           "markup_range": 0.2,
           "min_markup": 0.2,
           "n_close_orders": 1,
           "qty_pct_close": 0.023507393838320723,
           "qty_pct_entry": 0.01005730292473667,
           "wallet_exposure_limit": 1,
           "we_multiplier_close": 0,
           "we_multiplier_entry": 9.97727105060391}}