{"config_name": "clock_0days",
 "long": {"backwards_tp": true,
          "delay_between_fills_minutes_close": 1248.1789885059768,
          "delay_between_fills_minutes_entry": 227.99268514064005,
          "delay_weight_close": 0,
          "delay_weight_entry": 6.216960673508106,
          "ema_dist_close": 0.0026028078903315615,
          "ema_dist_entry": 0.003,
          "ema_span_0": 784.5152476941988,
          "ema_span_1": 1205.366418561911,
          "enabled": true,
          "markup_range": 0.2,
          "min_markup": 0.2,
          "n_close_orders": 1,
          "qty_pct_close": 0.03103642627381348,
          "qty_pct_entry": 0.010006216470470716,
          "wallet_exposure_limit": 1,
          "we_multiplier_close": 0,
          "we_multiplier_entry": 7.58215952037477},
 "short": {"backwards_tp": true,
           "delay_between_fills_minutes_close": 1056.015809849692,
           "delay_between_fills_minutes_entry": 795.7910862190191,
           "delay_weight_close": 0,
           "delay_weight_entry": 18.65724151119194,
           "ema_dist_close": -0.0027743756697119256,
           "ema_dist_entry": -0.00979327688843155,
           "ema_span_0": 1244.3558213024007,
           "ema_span_1": 1361.5009213893104,
           "enabled": true,
           "markup_range": 0.2,
           "min_markup": 0.2,
           "n_close_orders": 1,
           "qty_pct_close": 0.014374584622706061,
           "qty_pct_entry": 0.013636436987004629,
           "wallet_exposure_limit": 1,
           "we_multiplier_close": 0,
           "we_multiplier_entry": 8.606071153342283}}