{"config_name": "clock_0days",
 "long": {"backwards_tp": true,
          "delay_between_fills_minutes_close": 1090.1021468795047,
          "delay_between_fills_minutes_entry": 1271.5041965362163,
          "delay_weight_close": 0,
          "delay_weight_entry": 9.794184733473815,
          "ema_dist_close": -0.005265480923403937,
          "ema_dist_entry": -0.00568391530728528,
          "ema_span_0": 1355.0672716571885,
          "ema_span_1": 498.7352009245486,
          "enabled": true,
          "markup_range": 0.2,
          "min_markup": 0.2,
          "n_close_orders": 1,
          "qty_pct_close": 0.010949740695588382,
          "qty_pct_entry": 0.011624069114727315,
          "wallet_exposure_limit": 1,
          "we_multiplier_close": 0,
          "we_multiplier_entry": 5.760287598121854},
 "short": {"backwards_tp": true,
           "delay_between_fills_minutes_close": 823.925380691432,
           "delay_between_fills_minutes_entry": 552.1101561076499,
           "delay_weight_close": 0,
           "delay_weight_entry": 5.923744767045681,
           "ema_dist_close": 0.0026632234530420723,
           "ema_dist_entry": -0.005803973299114309,
           "ema_span_0": 943.0370411200279,
           "ema_span_1": 1422.5397241747166,
           "enabled": true,
           "markup_range": 0.2,
           "min_markup": 0.2,
           "n_close_orders": 1,
           "qty_pct_close": 0.01979557808628567,
           "qty_pct_entry": 0.010060880479196744,
           "wallet_exposure_limit": 1,
           "we_multiplier_close": 0,
           "we_multiplier_entry": 5.693793947683548}}