{"config_name": "clock_0days",
 "long": {"backwards_tp": true,
          "delay_between_fills_minutes_close": 1233.0465371966295,
          "delay_between_fills_minutes_entry": 741.4225070532964,
          "delay_weight_close": 0,
          "delay_weight_entry": 12.854206502092634,
          "ema_dist_close": 0.0028080099050355554,
          "ema_dist_entry": -0.0027296246700651127,
          "ema_span_0": 1124.551325286089,
          "ema_span_1": 8.986258170448027,
          "enabled": true,
          "markup_range": 0.2,
          "min_markup": 0.2,
          "n_close_orders": 1,
          "qty_pct_close": 0.030065141711628145,
          "qty_pct_entry": 0.014535269172023243,
          "wallet_exposure_limit": 1,
          "we_multiplier_close": 0,
          "we_multiplier_entry": 9.793779868821595},
 "short": {"backwards_tp": true,
           "delay_between_fills_minutes_close": 1420.8867184126132,
           "delay_between_fills_minutes_entry": 348.4775882371876,
           "delay_weight_close": 0,
           "delay_weight_entry": 6.12179835338315,
           "ema_dist_close": -0.003518708695838589,
           "ema_dist_entry": 9.85811893947007e-05,
           "ema_span_0": 918.3771896672507,
           "ema_span_1": 1268.8383938621732,
           "enabled": true,
           "markup_range": 0.2,
           "min_markup": 0.2,
           "n_close_orders": 1,
           "qty_pct_close": 0.010034267734219015,
           "qty_pct_entry": 0.024684657229858548,
           "wallet_exposure_limit": 1,
           "we_multiplier_close": 0,
           "we_multiplier_entry": 9.525920190275968}}