{"config_name": "clock_0days",
 "long": {"backwards_tp": true,
          "delay_between_fills_minutes_close": 1037.836089658439,
          "delay_between_fills_minutes_entry": 807.9066251771726,
          "delay_weight_close": 0,
          "delay_weight_entry": 13.516096873399823,
          "ema_dist_close": 0.002850591122230487,
          "ema_dist_entry": 0.002145523190467474,
          "ema_span_0": 1437.4514239247146,
          "ema_span_1": 1179.7164890358806,
          "enabled": true,
          "markup_range": 0.2,
          "min_markup": 0.2,
          "n_close_orders": 1,
          "qty_pct_close": 0.032228373404120596,
          "qty_pct_entry": 0.010523847645499271,
          "wallet_exposure_limit": 1,
          "we_multiplier_close": 0,
          "we_multiplier_entry": 7.28892881203416},
 "short": {"backwards_tp": true,
           "delay_between_fills_minutes_close": 517.1403528157814,
           "delay_between_fills_minutes_entry": 1111.0124932935207,
           "delay_weight_close": 0,
           "delay_weight_entry": 27.338250754772233,
           "ema_dist_close": 0.002237558799644698,
           "ema_dist_entry": 0.002315918170835833,
           "ema_span_0": 1412.1496078844782,
           "ema_span_1": 480.6309940753328,
           "enabled": true,
           "markup_range": 0.2,
           "min_markup": 0.2,
           "n_close_orders": 1,
           "qty_pct_close": 0.031221262506754884,
           "qty_pct_entry": 0.015624881656753345,
           "wallet_exposure_limit": 1,
           "we_multiplier_close": 0,
           "we_multiplier_entry": 7.859738804842135}}