{"config_name": "clock_0days",
 "long": {"backwards_tp": true,
          "delay_between_fills_minutes_close": 1294.5591713988508,
          "delay_between_fills_minutes_entry": 1222.387567984932,
          "delay_weight_close": 0,
          "delay_weight_entry": 10.558181151699905,
          "ema_dist_close": -0.0008640894989598183,
          "ema_dist_entry": 0.0006870016090268654,
          "ema_span_0": 913.497230257846,
          "ema_span_1": 1436.215122325884,
          "enabled": true,
          "markup_range": 0.2,
          "min_markup": 0.2,
          "n_close_orders": 1,
          "qty_pct_close": 0.01689913460888909,
          "qty_pct_entry": 0.010080542810707492,
          "wallet_exposure_limit": 1,
          "we_multiplier_close": 0,
          "we_multiplier_entry": 9.995938157759916},
 "short": {"backwards_tp": true,
           "delay_between_fills_minutes_close": 1132.504506727316,
           "delay_between_fills_minutes_entry": 271.2949888174522,
           "delay_weight_close": 0,
           "delay_weight_entry": 21.225264319072384,
           "ema_dist_close": 0.0029502727657052244,
           "ema_dist_entry": -0.0011764144447320743,
           "ema_span_0": 1200.2056828957004,
           "ema_span_1": 952.5980600630442,
           "enabled": true,
           "markup_range": 0.2,
           "min_markup": 0.2,
           "n_close_orders": 1,
           "qty_pct_close": 0.012804451594978223,
           "qty_pct_entry": 0.011532829970650848,
           "wallet_exposure_limit": 1,
           "we_multiplier_close": 0,
           "we_multiplier_entry": 8.829187823095918}}