{"config_name": "clock_0days",
 "long": {"backwards_tp": true,
          "delay_between_fills_minutes_close": 945.6295755258033,
          "delay_between_fills_minutes_entry": 1129.3036024850337,
          "delay_weight_close": 0,
          "delay_weight_entry": 23.244316646980483,
          "ema_dist_close": 0.001639520327615728,
          "ema_dist_entry": -0.0014840288276448815,
          "ema_span_0": 1436.8600255462013,
          "ema_span_1": 513.6808484133488,
          "enabled": true,
          "markup_range": 0.2,
          "min_markup": 0.2,
          "n_close_orders": 1,
          "qty_pct_close": 0.018725398018618583,
          "qty_pct_entry": 0.023096401118212994,
          "wallet_exposure_limit": 1,
          "we_multiplier_close": 0,
          "we_multiplier_entry": 9.778662774848787},
 "short": {"backwards_tp": true,
           "delay_between_fills_minutes_close": 942.2049874105497,
           "delay_between_fills_minutes_entry": 1251.261921045089,
           "delay_weight_close": 0,
           "delay_weight_entry": 3.4964432705152726,
           "ema_dist_close": -0.006942503015183075,
           "ema_dist_entry": -0.021781367944668163,
           "ema_span_0": 1131.7075219768979,
           "ema_span_1": 1193.713092725062,
           "enabled": true,
           "markup_range": 0.2,
           "min_markup": 0.2,
           "n_close_orders": 1,
           "qty_pct_close": 0.02750739300096945,
           "qty_pct_entry": 0.01742283349182834,
           "wallet_exposure_limit": 1,
           "we_multiplier_close": 0,
           "we_multiplier_entry": 7.802182324665643}}