{"config_name": "clock_0days",
 "long": {"backwards_tp": true,
          "delay_between_fills_minutes_close": 1432.4006108800506,
          "delay_between_fills_minutes_entry": 751.6201541712261,
          "delay_weight_close": 0,
          "delay_weight_entry": 13.94705474048763,
          "ema_dist_close": -0.00800383974635666,
          "ema_dist_entry": -0.0034491862148341964,
          "ema_span_0": 889.5236258098854,
          "ema_span_1": 1153.6741997558875,
          "enabled": true,
          "markup_range": 0.2,
          "min_markup": 0.2,
          "n_close_orders": 1,
          "qty_pct_close": 0.010011236171168177,
          "qty_pct_entry": 0.013288174370963723,
          "wallet_exposure_limit": 1,
          "we_multiplier_close": 0,
          "we_multiplier_entry": 3.979238060621882},
 "short": {"backwards_tp": true,
           "delay_between_fills_minutes_close": 1413.5558565686624,
           "delay_between_fills_minutes_entry": 784.9899665507813,
           "delay_weight_close": 0,
           "delay_weight_entry": 5.831921044029341,
           "ema_dist_close": 0.0008992223320789086,
           "ema_dist_entry": -0.0002838257924038979,
           "ema_span_0": 1348.0735885470365,
           "ema_span_1": 1071.0504500508011,
           "enabled": true,
           "markup_range": 0.2,
           "min_markup": 0.2,
           "n_close_orders": 1,
           "qty_pct_close": 0.011935308303393993,
           "qty_pct_entry": 0.016084273347267565,
           "wallet_exposure_limit": 1,
           "we_multiplier_close": 0,
           "we_multiplier_entry": 9.702971993720947}}