{"config_name": "clock_0days",
 "long": {"backwards_tp": true,
          "delay_between_fills_minutes_close": 1100.3857610128607,
          "delay_between_fills_minutes_entry": 1317.1843014097822,
          "delay_weight_close": 0,
          "delay_weight_entry": 25.065813227627977,
          "ema_dist_close": 0.0018406156685246136,
          "ema_dist_entry": -0.0021629806866756986,
          "ema_span_0": 384.57539860449975,
          "ema_span_1": 968.939877291105,
          "enabled": true,
          "markup_range": 0.2,
          "min_markup": 0.2,
          "n_close_orders": 1,
          "qty_pct_close": 0.016767580080325854,
          "qty_pct_entry": 0.011749739286854877,
          "wallet_exposure_limit": 1,
          "we_multiplier_close": 0,
          "we_multiplier_entry": 3.403247514686073},
 "short": {"backwards_tp": true,
           "delay_between_fills_minutes_close": 1234.673747322861,
           "delay_between_fills_minutes_entry": 450.3320759541588,
           "delay_weight_close": 0,
           "delay_weight_entry": 5.530872827596521,
           "ema_dist_close": 0.0029849338942576392,
           "ema_dist_entry": -0.0046667785406218605,
           "ema_span_0": 1230.5343974102257,
           "ema_span_1": 138.50649282769893,
           "enabled": true,
           "markup_range": 0.2,
           "min_markup": 0.2,
           "n_close_orders": 1,
           "qty_pct_close": 0.010070021088801619,
           "qty_pct_entry": 0.01189538278267353,
           "wallet_exposure_limit": 1,
           "we_multiplier_close": 0,
           "we_multiplier_entry": 9.915451290253765}}