{"config_name": "clock_0days",
 "long": {"backwards_tp": true,
          "delay_between_fills_minutes_close": 1233.0465371966295,
          "delay_between_fills_minutes_entry": 741.4225070532964,
          "delay_weight_close": 0,
          "delay_weight_entry": 12.854206502092634,
          "ema_dist_close": 0.0028080099050355554,
          "ema_dist_entry": -0.0027296246700651127,
          "ema_span_0": 1124.551325286089,
          "ema_span_1": 8.986258170448027,
          "enabled": true,
          "markup_range": 0.2,
          "min_markup": 0.2,
          "n_close_orders": 1,
          "qty_pct_close": 0.030065141711628145,
          "qty_pct_entry": 0.014535269172023243,
          "wallet_exposure_limit": 1,
          "we_multiplier_close": 0,
          "we_multiplier_entry": 9.793779868821595},
 "short": {"backwards_tp": true,
           "delay_between_fills_minutes_close": 832.7235105205419,
           "delay_between_fills_minutes_entry": 548.0281043144346,
           "delay_weight_close": 0,
           "delay_weight_entry": 27.696941867442785,
           "ema_dist_close": -0.0033718889918021035,
           "ema_dist_entry": -1.9136156769407096e-06,
           "ema_span_0": 867.7070287095077,
           "ema_span_1": 960.5358883673026,
           "enabled": true,
           "markup_range": 0.2,
           "min_markup": 0.2,
           "n_close_orders": 1,
           "qty_pct_close": 0.013351753251483928,
           "qty_pct_entry": 0.017786489230771856,
           "wallet_exposure_limit": 1,
           "we_multiplier_close": 0,
           "we_multiplier_entry": 9.998072718205826}}