{"config_name": "clock_0days",
 "long": {"backwards_tp": true,
          "delay_between_fills_minutes_close": 1023.9527158165489,
          "delay_between_fills_minutes_entry": 1212.2129576096206,
          "delay_weight_close": 0,
          "delay_weight_entry": 18.554126961263307,
          "ema_dist_close": -0.004581110912127029,
          "ema_dist_entry": 0.0029335160482153403,
          "ema_span_0": 1434.9112144237645,
          "ema_span_1": 1328.183535591076,
          "enabled": true,
          "markup_range": 0.2,
          "min_markup": 0.2,
          "n_close_orders": 1,
          "qty_pct_close": 0.011007641083535294,
          "qty_pct_entry": 0.012903868635899512,
          "wallet_exposure_limit": 1,
          "we_multiplier_close": 0,
          "we_multiplier_entry": 9.973726102555176},
 "short": {"backwards_tp": true,
           "delay_between_fills_minutes_close": 831.146596366015,
           "delay_between_fills_minutes_entry": 1101.442842050689,
           "delay_weight_close": 0,
           "delay_weight_entry": 27.09728812060358,
           "ema_dist_close": -0.003021768424445727,
           "ema_dist_entry": 0.0006496651783955774,
           "ema_span_0": 1336.167476771332,
           "ema_span_1": 437.0912439221482,
           "enabled": true,
           "markup_range": 0.2,
           "min_markup": 0.2,
           "n_close_orders": 1,
           "qty_pct_close": 0.0103635691138784,
           "qty_pct_entry": 0.010043999119711851,
           "wallet_exposure_limit": 1,
           "we_multiplier_close": 0,
           "we_multiplier_entry": 9.855109710575533}}