{"config_name": "clock_0days",
 "long": {"backwards_tp": true,
          "delay_between_fills_minutes_close": 792.7998608335537,
          "delay_between_fills_minutes_entry": 1262.9601813506247,
          "delay_weight_close": 0,
          "delay_weight_entry": 11.256738573441421,
          "ema_dist_close": 0.0006792744366925414,
          "ema_dist_entry": 0.0017573923343787562,
          "ema_span_0": 186.24306469826516,
          "ema_span_1": 1020.7377514815222,
          "enabled": true,
          "markup_range": 0.2,
          "min_markup": 0.2,
          "n_close_orders": 1,
          "qty_pct_close": 0.010940083239478404,
          "qty_pct_entry": 0.01277151716107362,
          "wallet_exposure_limit": 1,
          "we_multiplier_close": 0,
          "we_multiplier_entry": 8.70984829450165},
 "short": {"backwards_tp": true,
           "delay_between_fills_minutes_close": 777.462989171898,
           "delay_between_fills_minutes_entry": 449.35955007194895,
           "delay_weight_close": 0,
           "delay_weight_entry": 8.60856119267638,
           "ema_dist_close": -0.00498330690028925,
           "ema_dist_entry": 0.0017512000496953453,
           "ema_span_0": 1345.7031661674787,
           "ema_span_1": 1306.8930690468742,
           "enabled": true,
           "markup_range": 0.2,
           "min_markup": 0.2,
           "n_close_orders": 1,
           "qty_pct_close": 0.01022144014111894,
           "qty_pct_entry": 0.011849392460712512,
           "wallet_exposure_limit": 1,
           "we_multiplier_close": 0,
           "we_multiplier_entry": 9.38641895100172}}