{"config_name": "clock_0days",
 "long": {"backwards_tp": true,
          "delay_between_fills_minutes_close": 1332.7987126249104,
          "delay_between_fills_minutes_entry": 624.9168506512478,
          "delay_weight_close": 0,
          "delay_weight_entry": 23.99292759292018,
          "ema_dist_close": 0.0002927075317135663,
          "ema_dist_entry": -0.003574502696154154,
          "ema_span_0": 1019.0195072593476,
          "ema_span_1": 665.9141008553138,
          "enabled": true,
          "markup_range": 0.2,
          "min_markup": 0.2,
          "n_close_orders": 1,
          "qty_pct_close": 0.022098395982313356,
          "qty_pct_entry": 0.010016520510945722,
          "wallet_exposure_limit": 1,
          "we_multiplier_close": 0,
          "we_multiplier_entry": 8.765112397875368},
 "short": {"backwards_tp": true,
           "delay_between_fills_minutes_close": 1306.9772200398124,
           "delay_between_fills_minutes_entry": 269.81092271412956,
           "delay_weight_close": 0,
           "delay_weight_entry": 7.362223451213462,
           "ema_dist_close": -0.0018196973325771003,
           "ema_dist_entry": 0.001709340177178469,
           "ema_span_0": 731.742738595332,
           "ema_span_1": 1034.0826912227806,
           "enabled": true,
           "markup_range": 0.2,
           "min_markup": 0.2,
           "n_close_orders": 1,
           "qty_pct_close": 0.011837288953960648,
           "qty_pct_entry": 0.010888132101221097,
           "wallet_exposure_limit": 1,
           "we_multiplier_close": 0,
           "we_multiplier_entry": 9.299793489698416}}