{"config_name": "clock_0days",
 "long": {"backwards_tp": true,
          "delay_between_fills_minutes_close": 1392.8792537027443,
          "delay_between_fills_minutes_entry": 872.4126544485439,
          "delay_weight_close": 0,
          "delay_weight_entry": 14.973670421469889,
          "ema_dist_close": 1.4264432521890424e-05,
          "ema_dist_entry": -0.043303820246895997,
          "ema_span_0": 396.40626615349055,
          "ema_span_1": 389.1072980748438,
          "enabled": true,
          "markup_range": 0.2,
          "min_markup": 0.2,
          "n_close_orders": 1,
          "qty_pct_close": 0.019909263439227443,
          "qty_pct_entry": 0.011936709883053167,
          "wallet_exposure_limit": 1,
          "we_multiplier_close": 0,
          "we_multiplier_entry": 9.560326581540767},
 "short": {"backwards_tp": true,
           "delay_between_fills_minutes_close": 1440,
           "delay_between_fills_minutes_entry": 820.7095359893672,
           "delay_weight_close": 0,
           "delay_weight_entry": 0,
           "ema_dist_close": -0.0038648572551458734,
           "ema_dist_entry": -0.04552424529181222,
           "ema_span_0": 1216.7234950151756,
           "ema_span_1": 797.7321684213772,
           "enabled": true,
           "markup_range": 0.2,
           "min_markup": 0.2,
           "n_close_orders": 1,
           "qty_pct_close": 0.01000391130234922,
           "qty_pct_entry": 0.013532372454122314,
           "wallet_exposure_limit": 1,
           "we_multiplier_close": 0,
           "we_multiplier_entry": 9.488706402202238}}