{"config_name": "clock_0days",
 "long": {"backwards_tp": true,
          "delay_between_fills_minutes_close": 1439.6404338319678,
          "delay_between_fills_minutes_entry": 1434.862098457989,
          "delay_weight_close": 0,
          "delay_weight_entry": 12.005038442814577,
          "ema_dist_close": 0.0023061123016823275,
          "ema_dist_entry": -0.0003165055969744564,
          "ema_span_0": 1106.653870711679,
          "ema_span_1": 1415.0014471505149,
          "enabled": true,
          "markup_range": 0.2,
          "min_markup": 0.2,
          "n_close_orders": 1,
          "qty_pct_close": 0.010070821540046473,
          "qty_pct_entry": 0.013077879611665143,
          "wallet_exposure_limit": 1,
          "we_multiplier_close": 0,
          "we_multiplier_entry": 8.047583055325157},
 "short": {"backwards_tp": true,
           "delay_between_fills_minutes_close": 934.5622413670984,
           "delay_between_fills_minutes_entry": 39.572690499285066,
           "delay_weight_close": 0,
           "delay_weight_entry": 0.6932251456211235,
           "ema_dist_close": 0.0025041454577122233,
           "ema_dist_entry": 6.89649686684348e-05,
           "ema_span_0": 1384.998897272804,
           "ema_span_1": 1307.9600410633623,
           "enabled": true,
           "markup_range": 0.2,
           "min_markup": 0.2,
           "n_close_orders": 1,
           "qty_pct_close": 0.01728334200174955,
           "qty_pct_entry": 0.011184784497331334,
           "wallet_exposure_limit": 1,
           "we_multiplier_close": 0,
           "we_multiplier_entry": 8.496918334099302}}