{"config_name": "clock_0days",
 "long": {"backwards_tp": true,
          "delay_between_fills_minutes_close": 1255.7695283248577,
          "delay_between_fills_minutes_entry": 1296.0126089200369,
          "delay_weight_close": 0,
          "delay_weight_entry": 58.54378807746673,
          "ema_dist_close": -0.0031683814845681565,
          "ema_dist_entry": -0.008266728487231714,
          "ema_span_0": 1369.1522002969482,
          "ema_span_1": 1242.3011202357745,
          "enabled": true,
          "markup_range": 0.2,
          "min_markup": 0.2,
          "n_close_orders": 1,
          "qty_pct_close": 0.04640615838436692,
          "qty_pct_entry": 0.010347812658492163,
          "wallet_exposure_limit": 1,
          "we_multiplier_close": 0,
          "we_multiplier_entry": 8.589797190261674},
 "short": {"backwards_tp": true,
           "delay_between_fills_minutes_close": 451.0151298418913,
           "delay_between_fills_minutes_entry": 1126.5240502019913,
           "delay_weight_close": 0,
           "delay_weight_entry": 1.8899407442801355,
           "ema_dist_close": -0.0037007218537214834,
           "ema_dist_entry": -0.03153653793608107,
           "ema_span_0": 728.6849742408438,
           "ema_span_1": 1069.5730443642144,
           "enabled": true,
           "markup_range": 0.2,
           "min_markup": 0.2,
           "n_close_orders": 1,
           "qty_pct_close": 0.03635752740194634,
           "qty_pct_entry": 0.0114987353447928,
           "wallet_exposure_limit": 1,
           "we_multiplier_close": 0,
           "we_multiplier_entry": 8.18401009209713}}