{"config_name": "clock_0days",
 "long": {"backwards_tp": true,
          "delay_between_fills_minutes_close": 1138.446659492275,
          "delay_between_fills_minutes_entry": 1066.6134971825088,
          "delay_weight_close": 0,
          "delay_weight_entry": 7.113185862499532,
          "ema_dist_close": 0.0028433580169823494,
          "ema_dist_entry": 0.002602029066924209,
          "ema_span_0": 901.5065919580145,
          "ema_span_1": 997.2413531863783,
          "enabled": true,
          "markup_range": 0.2,
          "min_markup": 0.2,
          "n_close_orders": 1,
          "qty_pct_close": 0.011688307341322927,
          "qty_pct_entry": 0.015516605369897211,
          "wallet_exposure_limit": 1,
          "we_multiplier_close": 0,
          "we_multiplier_entry": 9.857673642964043},
 "short": {"backwards_tp": true,
           "delay_between_fills_minutes_close": 942.2049874105497,
           "delay_between_fills_minutes_entry": 1251.261921045089,
           "delay_weight_close": 0,
           "delay_weight_entry": 3.4964432705152726,
           "ema_dist_close": -0.006942503015183075,
           "ema_dist_entry": -0.021781367944668163,
           "ema_span_0": 1131.7075219768979,
           "ema_span_1": 1193.713092725062,
           "enabled": true,
           "markup_range": 0.2,
           "min_markup": 0.2,
           "n_close_orders": 1,
           "qty_pct_close": 0.02750739300096945,
           "qty_pct_entry": 0.01742283349182834,
           "wallet_exposure_limit": 1,
           "we_multiplier_close": 0,
           "we_multiplier_entry": 7.802182324665643}}