{"config_name": "clock_0days",
 "long": {"backwards_tp": true,
          "delay_between_fills_minutes_close": 1248.1789885059768,
          "delay_between_fills_minutes_entry": 227.99268514064005,
          "delay_weight_close": 0,
          "delay_weight_entry": 6.216960673508106,
          "ema_dist_close": 0.0026028078903315615,
          "ema_dist_entry": 0.003,
          "ema_span_0": 784.5152476941988,
          "ema_span_1": 1205.366418561911,
          "enabled": true,
          "markup_range": 0.2,
          "min_markup": 0.2,
          "n_close_orders": 1,
          "qty_pct_close": 0.03103642627381348,
          "qty_pct_entry": 0.010006216470470716,
          "wallet_exposure_limit": 1,
          "we_multiplier_close": 0,
          "we_multiplier_entry": 7.58215952037477},
 "short": {"backwards_tp": true,
           "delay_between_fills_minutes_close": 1151.2725786705696,
           "delay_between_fills_minutes_entry": 1432.5918922967433,
           "delay_weight_close": 0,
           "delay_weight_entry": 14.839016724652891,
           "ema_dist_close": 0.001372637460468898,
           "ema_dist_entry": 0.0027645404826423885,
           "ema_span_0": 1348.563732319282,
           "ema_span_1": 541.1280889127311,
           "enabled": true,
           "markup_range": 0.2,
           "min_markup": 0.2,
           "n_close_orders": 1,
           "qty_pct_close": 0.010066138265541362,
           "qty_pct_entry": 0.010002330324521512,
           "wallet_exposure_limit": 1,
           "we_multiplier_close": 0,
           "we_multiplier_entry": 6.967567048842325}}