{"config_name": "clock_0days",
 "long": {"backwards_tp": true,
          "delay_between_fills_minutes_close": 1258.877560137965,
          "delay_between_fills_minutes_entry": 653.488206687891,
          "delay_weight_close": 0,
          "delay_weight_entry": 20.661930017798728,
          "ema_dist_close": 3.4838145081053136e-05,
          "ema_dist_entry": -0.00574929573077508,
          "ema_span_0": 965.4713937183167,
          "ema_span_1": 905.1629832053364,
          "enabled": true,
          "markup_range": 0.2,
          "min_markup": 0.2,
          "n_close_orders": 1,
          "qty_pct_close": 0.01216791867172733,
          "qty_pct_entry": 0.01708841159594309,
          "wallet_exposure_limit": 1,
          "we_multiplier_close": 0,
          "we_multiplier_entry": 9.992260482228037},
 "short": {"backwards_tp": true,
           "delay_between_fills_minutes_close": 831.146596366015,
           "delay_between_fills_minutes_entry": 1101.442842050689,
           "delay_weight_close": 0,
           "delay_weight_entry": 27.09728812060358,
           "ema_dist_close": -0.003021768424445727,
           "ema_dist_entry": 0.0006496651783955774,
           "ema_span_0": 1336.167476771332,
           "ema_span_1": 437.0912439221482,
           "enabled": true,
           "markup_range": 0.2,
           "min_markup": 0.2,
           "n_close_orders": 1,
           "qty_pct_close": 0.0103635691138784,
           "qty_pct_entry": 0.010043999119711851,
           "wallet_exposure_limit": 1,
           "we_multiplier_close": 0,
           "we_multiplier_entry": 9.855109710575533}}