{"config_name": "clock_0days",
 "long": {"backwards_tp": true,
          "delay_between_fills_minutes_close": 1259.2858732950951,
          "delay_between_fills_minutes_entry": 1064.1999737368885,
          "delay_weight_close": 0,
          "delay_weight_entry": 13.78344958517849,
          "ema_dist_close": 0.0029961186212629186,
          "ema_dist_entry": 0.0017285088847224179,
          "ema_span_0": 1379.646505892805,
          "ema_span_1": 1399.6487424791053,
          "enabled": true,
          "markup_range": 0.2,
          "min_markup": 0.2,
          "n_close_orders": 1,
          "qty_pct_close": 0.01750845517398313,
          "qty_pct_entry": 0.010103584476829602,
          "wallet_exposure_limit": 1,
          "we_multiplier_close": 0,
          "we_multiplier_entry": 9.993594179024495},
 "short": {"backwards_tp": true,
           "delay_between_fills_minutes_close": 1418.3847458857667,
           "delay_between_fills_minutes_entry": 838.5393872061234,
           "delay_weight_close": 0,
           "delay_weight_entry": 34.909096468946856,
           "ema_dist_close": -0.0015739922757253414,
           "ema_dist_entry": 0.0007447866287026189,
           "ema_span_0": 1328.1554955509337,
           "ema_span_1": 495.56532674545684,
           "enabled": true,
           "markup_range": 0.2,
           "min_markup": 0.2,
           "n_close_orders": 1,
           "qty_pct_close": 0.01302058085821121,
           "qty_pct_entry": 0.017741049955391983,
           "wallet_exposure_limit": 1,
           "we_multiplier_close": 0,
           "we_multiplier_entry": 9.922611965005485}}