{"config_name": "clock_0days",
 "long": {"backwards_tp": true,
          "delay_between_fills_minutes_close": 1104.653115516864,
          "delay_between_fills_minutes_entry": 497.243075560796,
          "delay_weight_close": 0,
          "delay_weight_entry": 13.237436199618298,
          "ema_dist_close": 0.002941999138864414,
          "ema_dist_entry": -0.002567086001269032,
          "ema_span_0": 1409.7405710700502,
          "ema_span_1": 1019.2052990694884,
          "enabled": true,
          "markup_range": 0.2,
          "min_markup": 0.2,
          "n_close_orders": 1,
          "qty_pct_close": 0.012081853775910988,
          "qty_pct_entry": 0.014675336449015808,
          "wallet_exposure_limit": 1,
          "we_multiplier_close": 0,
          "we_multiplier_entry": 9.99952291452805},
 "short": {"backwards_tp": true,
           "delay_between_fills_minutes_close": 832.7235105205419,
           "delay_between_fills_minutes_entry": 548.0281043144346,
           "delay_weight_close": 0,
           "delay_weight_entry": 27.696941867442785,
           "ema_dist_close": -0.0033718889918021035,
           "ema_dist_entry": -1.9136156769407096e-06,
           "ema_span_0": 867.7070287095077,
           "ema_span_1": 960.5358883673026,
           "enabled": true,
           "markup_range": 0.2,
           "min_markup": 0.2,
           "n_close_orders": 1,
           "qty_pct_close": 0.013351753251483928,
           "qty_pct_entry": 0.017786489230771856,
           "wallet_exposure_limit": 1,
           "we_multiplier_close": 0,
           "we_multiplier_entry": 9.998072718205826}}