{"config_name": "clock_0days",
 "long": {"backwards_tp": true,
          "delay_between_fills_minutes_close": 1435.8471219862013,
          "delay_between_fills_minutes_entry": 1439.5546497907865,
          "delay_weight_close": 0,
          "delay_weight_entry": 13.090442704461383,
          "ema_dist_close": 0.002996520452507227,
          "ema_dist_entry": -0.0033451476752006455,
          "ema_span_0": 367.80671025597053,
          "ema_span_1": 1350.9596433183763,
          "enabled": true,
          "markup_range": 0.2,
          "min_markup": 0.2,
          "n_close_orders": 1,
          "qty_pct_close": 0.011131520461024794,
          "qty_pct_entry": 0.012949698111735146,
          "wallet_exposure_limit": 1,
          "we_multiplier_close": 0,
          "we_multiplier_entry": 9.246610551859352},
 "short": {"backwards_tp": true,
           "delay_between_fills_minutes_close": 582.3922009757415,
           "delay_between_fills_minutes_entry": 337.7531168159636,
           "delay_weight_close": 0,
           "delay_weight_entry": 27.523036212545584,
           "ema_dist_close": 0.001541466451580439,
           "ema_dist_entry": 0.0022452839959025334,
           "ema_span_0": 282.0117570113525,
           "ema_span_1": 1373.2069165691958,
           "enabled": true,
           "markup_range": 0.2,
           "min_markup": 0.2,
           "n_close_orders": 1,
           "qty_pct_close": 0.014378413370085451,
           "qty_pct_entry": 0.012301190748585393,
           "wallet_exposure_limit": 1,
           "we_multiplier_close": 0,
           "we_multiplier_entry": 5.708587296216711}}